file,max_speed,max_closure,time_to_closure
sim-1.csv,,84.22705841498686,298.0
sim-3.csv,,81.47124266288472,201.0
sim-2.csv,,77.18655807537174,197.0
